attack_scenario,scenario_name,attack_percentage,attack_type,n_attackers,n_benign,TP,FP,FN,TN,precision,recall,f1,mcc,auroc,opt_threshold,rf_prec,rf_recall,rf_f1,uc_known,uc_fn,novel_detected,nasea,tdet_est_ms
1,01_TTW_S1_Malicious_Vehicle,0,0,0,10,0,2,0,8,0,0,0,nan,0.4,2.24361,0,0,0,0.09617,0,0,0,800
1,01_TTW_S1_Malicious_Vehicle,10,101,1,9,1,1,0,8,0.5,1,0.666667,0.666667,0.888889,1.401663,0,0,0,0.09617,0,0,0,800
1,01_TTW_S1_Malicious_Vehicle,20,101,2,8,2,2,0,6,0.5,1,0.666667,0.612372,0.75,3.153741,0,0,0,0.09617,0,0,0,800
1,01_TTW_S1_Malicious_Vehicle,30,101,3,7,2,2,1,5,0.5,0.666667,0.571429,0.356348,0.595238,3.604275,0.166667,0.333333,0.222222,0.09617,0,0,0,800
1,01_TTW_S1_Malicious_Vehicle,40,101,4,6,3,2,1,4,0.6,0.75,0.666667,0.408248,0.583333,4.204988,0.2,0.25,0.222222,0.09617,0,0,0,800
1,01_TTW_S1_Malicious_Vehicle,50,101,5,5,4,5,1,0,0.444444,0.8,0.571429,-0.333333,0.16,2.262802,0.333333,0.2,0.25,0.09617,0,0,0,800
1,01_TTW_S1_Malicious_Vehicle,60,101,6,4,5,4,1,0,0.555556,0.833333,0.666667,-0.272166,0.291667,0.381197,0.833333,0.833333,0.833333,0.09617,0,0,0,800
1,01_TTW_S1_Malicious_Vehicle,70,101,7,3,7,0,0,3,1,1,1,1,1,0.006556,1,1,1,0.09617,0,0,0,800
1,01_TTW_S1_Malicious_Vehicle,80,101,8,2,8,0,0,2,1,1,1,1,1,0,1,0.875,0.933333,0.09617,0,0,0,800
1,01_TTW_S1_Malicious_Vehicle,90,101,9,1,9,0,0,1,1,1,1,1,1,0,1,0.888889,0.941176,0.09617,0,0,0,800
1,01_TTW_S1_Malicious_Vehicle,100,101,10,0,6,0,4,0,1,0.6,0.75,nan,0.8,0,1,1,1,0.09617,1,1,0.6,800
2,02_TTW_S2_Malicious_RSU,0,0,0,10,0,2,0,8,0,0,0,nan,0.4,2.244674,0,0,0,0.09617,0,0,0,800
2,02_TTW_S2_Malicious_RSU,10,102,1,9,1,1,0,8,0.5,1,0.666667,0.666667,0.888889,1.40048,0,0,0,0.09617,0,0,0,800
2,02_TTW_S2_Malicious_RSU,20,102,2,8,2,0,0,8,1,1,1,1,1,0,0.2,1,0.333333,0.09617,1,1,1,800
2,02_TTW_S2_Malicious_RSU,30,102,3,7,2,0,1,7,1,0.666667,0.8,0.763763,0.833333,0,0.3,1,0.461538,0.09617,1,1,0.666667,800
2,02_TTW_S2_Malicious_RSU,40,102,4,6,2,0,2,6,1,0.5,0.666667,0.612372,0.75,0,0.4,1,0.571429,0.09617,1,1,0.5,800
2,02_TTW_S2_Malicious_RSU,50,102,5,5,2,0,3,5,1,0.4,0.571429,0.5,0.7,0,0.5,1,0.666667,0.09617,1,1,0.4,800
2,02_TTW_S2_Malicious_RSU,60,102,6,4,2,0,4,4,1,0.333333,0.5,0.408248,0.666667,0,0.6,1,0.75,0.09617,1,1,0.333333,800
2,02_TTW_S2_Malicious_RSU,70,102,7,3,2,0,5,3,1,0.285714,0.444444,0.327327,0.642857,0,0.7,1,0.823529,0.09617,1,1,0.285714,800
2,02_TTW_S2_Malicious_RSU,80,102,8,2,2,0,6,2,1,0.25,0.4,0.25,0.625,0,0.8,1,0.888889,0.09617,1,1,0.25,800
2,02_TTW_S2_Malicious_RSU,90,102,9,1,2,0,7,1,1,0.222222,0.363636,0.166667,0.611111,0,0.9,1,0.947368,0.09617,1,1,0.222222,800
2,02_TTW_S2_Malicious_RSU,100,102,10,0,2,0,8,0,1,0.2,0.333333,nan,0.6,0,1,1,1,0.09617,1,1,0.2,800
3,03_TTW_S3_Malicious_Controller_No_RSU,0,0,0,10,0,2,0,8,0,0,0,nan,0.4,2.244674,0,0,0,0.09617,0,0,0,800
3,03_TTW_S3_Malicious_Controller_No_RSU,10,103,1,9,1,1,0,8,0.5,1,0.666667,0.666667,0.888889,1.40048,0,0,0,0.09617,0,0,0,800
3,03_TTW_S3_Malicious_Controller_No_RSU,20,103,2,8,2,0,0,8,1,1,1,1,1,0,0.2,1,0.333333,0.09617,1,1,1,800
3,03_TTW_S3_Malicious_Controller_No_RSU,30,103,3,7,2,0,1,7,1,0.666667,0.8,0.763763,0.833333,0,0.3,1,0.461538,0.09617,1,1,0.666667,800
3,03_TTW_S3_Malicious_Controller_No_RSU,40,103,4,6,2,0,2,6,1,0.5,0.666667,0.612372,0.75,0,0.4,1,0.571429,0.09617,1,1,0.5,800
3,03_TTW_S3_Malicious_Controller_No_RSU,50,103,5,5,2,0,3,5,1,0.4,0.571429,0.5,0.7,0,0.5,1,0.666667,0.09617,1,1,0.4,800
3,03_TTW_S3_Malicious_Controller_No_RSU,60,103,6,4,2,0,4,4,1,0.333333,0.5,0.408248,0.666667,0,0.6,1,0.75,0.09617,1,1,0.333333,800
3,03_TTW_S3_Malicious_Controller_No_RSU,70,103,7,3,2,0,5,3,1,0.285714,0.444444,0.327327,0.642857,0,0.7,1,0.823529,0.09617,1,1,0.285714,800
3,03_TTW_S3_Malicious_Controller_No_RSU,80,103,8,2,2,0,6,2,1,0.25,0.4,0.25,0.625,0,0.8,1,0.888889,0.09617,1,1,0.25,800
3,03_TTW_S3_Malicious_Controller_No_RSU,90,103,9,1,2,0,7,1,1,0.222222,0.363636,0.166667,0.611111,0,0.9,1,0.947368,0.09617,1,1,0.222222,800
3,03_TTW_S3_Malicious_Controller_No_RSU,100,103,10,0,2,0,8,0,1,0.2,0.333333,nan,0.6,0,1,1,1,0.09617,1,1,0.2,800
4,04_TTW_S4_Malicious_Controller_With_RSU,0,0,0,10,0,2,0,8,0,0,0,nan,0.4,2.244674,0,0,0,0.09617,0,0,0,800
4,04_TTW_S4_Malicious_Controller_With_RSU,10,104,1,9,1,1,0,8,0.5,1,0.666667,0.666667,0.888889,1.40048,0,0,0,0.09617,0,0,0,800
4,04_TTW_S4_Malicious_Controller_With_RSU,20,104,2,8,2,0,0,8,1,1,1,1,1,0,0.2,1,0.333333,0.09617,1,1,1,800
4,04_TTW_S4_Malicious_Controller_With_RSU,30,104,3,7,2,0,1,7,1,0.666667,0.8,0.763763,0.833333,0,0.3,1,0.461538,0.09617,1,1,0.666667,800
4,04_TTW_S4_Malicious_Controller_With_RSU,40,104,4,6,2,0,2,6,1,0.5,0.666667,0.612372,0.75,0,0.4,1,0.571429,0.09617,1,1,0.5,800
4,04_TTW_S4_Malicious_Controller_With_RSU,50,104,5,5,2,0,3,5,1,0.4,0.571429,0.5,0.7,0,0.5,1,0.666667,0.09617,1,1,0.4,800
4,04_TTW_S4_Malicious_Controller_With_RSU,60,104,6,4,2,0,4,4,1,0.333333,0.5,0.408248,0.666667,0,0.6,1,0.75,0.09617,1,1,0.333333,800
4,04_TTW_S4_Malicious_Controller_With_RSU,70,104,7,3,2,0,5,3,1,0.285714,0.444444,0.327327,0.642857,0,0.7,1,0.823529,0.09617,1,1,0.285714,800
4,04_TTW_S4_Malicious_Controller_With_RSU,80,104,8,2,2,0,6,2,1,0.25,0.4,0.25,0.625,0,0.8,1,0.888889,0.09617,1,1,0.25,800
4,04_TTW_S4_Malicious_Controller_With_RSU,90,104,9,1,2,0,7,1,1,0.222222,0.363636,0.166667,0.611111,0,0.9,1,0.947368,0.09617,1,1,0.222222,800
4,04_TTW_S4_Malicious_Controller_With_RSU,100,104,10,0,2,0,8,0,1,0.2,0.333333,nan,0.6,0,1,1,1,0.09617,1,1,0.2,800
5,05_BSHH_S1_Malicious_Vehicle,0,0,0,10,0,2,0,8,0,0,0,nan,0.4,1.978163,0,0,0,0.09617,0,0,0,800
5,05_BSHH_S1_Malicious_Vehicle,10,105,1,9,1,1,0,8,0.5,1,0.666667,0.666667,0.888889,1.253002,0,0,0,0.09617,0,0,0,800
5,05_BSHH_S1_Malicious_Vehicle,20,105,2,8,2,2,0,6,0.5,1,0.666667,0.612372,0.75,2.819254,0,0,0,0.09617,0,0,0,800
5,05_BSHH_S1_Malicious_Vehicle,30,105,3,7,1,7,2,0,0.125,0.333333,0.181818,-0.763763,0,3.671609,0,0,0,0.09617,0,0,0,800
5,05_BSHH_S1_Malicious_Vehicle,40,105,4,6,3,6,1,0,0.333333,0.75,0.461538,-0.408248,0,0.986606,0.666667,1,0.8,0.09617,0,0,0,800
5,05_BSHH_S1_Malicious_Vehicle,50,105,5,5,5,0,0,5,1,1,1,1,1,0,1,1,1,0.09617,0,0,0,800
5,05_BSHH_S1_Malicious_Vehicle,60,105,6,4,6,0,0,4,1,1,1,1,1,0,1,1,1,0.09617,0,0,0,800
5,05_BSHH_S1_Malicious_Vehicle,70,105,7,3,7,0,0,3,1,1,1,1,1,0,1,1,1,0.09617,0,0,0,800
5,05_BSHH_S1_Malicious_Vehicle,80,105,8,2,8,0,0,2,1,1,1,1,1,0,1,1,1,0.09617,0,0,0,800
5,05_BSHH_S1_Malicious_Vehicle,90,105,9,1,9,0,0,1,1,1,1,1,1,0,1,1,1,0.09617,0,0,0,800
5,05_BSHH_S1_Malicious_Vehicle,100,105,10,0,9,0,1,0,1,0.9,0.947368,nan,0.95,8.504615,1,1,1,0.09617,1,1,1,800
6,06_BSHH_S2_Malicious_RSU,0,0,0,10,0,2,0,8,0,0,0,nan,0.4,1.978163,0,0,0,0.09617,0,0,0,800
6,06_BSHH_S2_Malicious_RSU,10,106,1,9,1,1,0,8,0.5,1,0.666667,0.666667,0.888889,1.253002,0,0,0,0.09617,0,0,0,800
6,06_BSHH_S2_Malicious_RSU,20,106,2,8,2,0,0,8,1,1,1,1,1,0,0.2,1,0.333333,0.09617,1,1,1,800
6,06_BSHH_S2_Malicious_RSU,30,106,3,7,2,0,1,7,1,0.666667,0.8,0.763763,0.833333,0,0.3,1,0.461538,0.09617,1,1,0.666667,800
6,06_BSHH_S2_Malicious_RSU,40,106,4,6,2,0,2,6,1,0.5,0.666667,0.612372,0.75,0,0.4,1,0.571429,0.09617,1,1,0.5,800
6,06_BSHH_S2_Malicious_RSU,50,106,5,5,2,0,3,5,1,0.4,0.571429,0.5,0.7,0,0.5,1,0.666667,0.09617,1,1,0.4,800
6,06_BSHH_S2_Malicious_RSU,60,106,6,4,2,0,4,4,1,0.333333,0.5,0.408248,0.666667,0,0.6,1,0.75,0.09617,1,1,0.333333,800
6,06_BSHH_S2_Malicious_RSU,70,106,7,3,2,0,5,3,1,0.285714,0.444444,0.327327,0.642857,0,0.7,1,0.823529,0.09617,1,1,0.285714,800
6,06_BSHH_S2_Malicious_RSU,80,106,8,2,2,0,6,2,1,0.25,0.4,0.25,0.625,0,0.8,1,0.888889,0.09617,1,1,0.25,800
6,06_BSHH_S2_Malicious_RSU,90,106,9,1,2,0,7,1,1,0.222222,0.363636,0.166667,0.611111,0,0.9,1,0.947368,0.09617,1,1,0.222222,800
6,06_BSHH_S2_Malicious_RSU,100,106,10,0,2,0,8,0,1,0.2,0.333333,nan,0.6,0,1,1,1,0.09617,1,1,0.2,800
7,07_BSHH_S3_Malicious_Controller_No_RSU,0,0,0,10,0,2,0,8,0,0,0,nan,0.4,1.978163,0,0,0,0.09617,0,0,0,800
7,07_BSHH_S3_Malicious_Controller_No_RSU,10,107,1,9,1,1,0,8,0.5,1,0.666667,0.666667,0.888889,1.253002,0,0,0,0.09617,0,0,0,800
7,07_BSHH_S3_Malicious_Controller_No_RSU,20,107,2,8,2,0,0,8,1,1,1,1,1,0,0.2,1,0.333333,0.09617,1,1,1,800
7,07_BSHH_S3_Malicious_Controller_No_RSU,30,107,3,7,2,0,1,7,1,0.666667,0.8,0.763763,0.833333,0,0.3,1,0.461538,0.09617,1,1,0.666667,800
7,07_BSHH_S3_Malicious_Controller_No_RSU,40,107,4,6,2,0,2,6,1,0.5,0.666667,0.612372,0.75,0,0.4,1,0.571429,0.09617,1,1,0.5,800
7,07_BSHH_S3_Malicious_Controller_No_RSU,50,107,5,5,2,0,3,5,1,0.4,0.571429,0.5,0.7,0,0.5,1,0.666667,0.09617,1,1,0.4,800
7,07_BSHH_S3_Malicious_Controller_No_RSU,60,107,6,4,2,0,4,4,1,0.333333,0.5,0.408248,0.666667,0,0.6,1,0.75,0.09617,1,1,0.333333,800
7,07_BSHH_S3_Malicious_Controller_No_RSU,70,107,7,3,2,0,5,3,1,0.285714,0.444444,0.327327,0.642857,0,0.7,1,0.823529,0.09617,1,1,0.285714,800
7,07_BSHH_S3_Malicious_Controller_No_RSU,80,107,8,2,2,0,6,2,1,0.25,0.4,0.25,0.625,0,0.8,1,0.888889,0.09617,1,1,0.25,800
7,07_BSHH_S3_Malicious_Controller_No_RSU,90,107,9,1,2,0,7,1,1,0.222222,0.363636,0.166667,0.611111,0,0.9,1,0.947368,0.09617,1,1,0.222222,800
7,07_BSHH_S3_Malicious_Controller_No_RSU,100,107,10,0,2,0,8,0,1,0.2,0.333333,nan,0.6,0,1,1,1,0.09617,1,1,0.2,800
8,08_BSHH_S4_Malicious_Controller_With_RSU,0,0,0,10,0,2,0,8,0,0,0,nan,0.4,1.978163,0,0,0,0.09617,0,0,0,800
8,08_BSHH_S4_Malicious_Controller_With_RSU,10,108,1,9,1,1,0,8,0.5,1,0.666667,0.666667,0.888889,1.253002,0,0,0,0.09617,0,0,0,800
8,08_BSHH_S4_Malicious_Controller_With_RSU,20,108,2,8,2,0,0,8,1,1,1,1,1,0,0.2,1,0.333333,0.09617,1,1,1,800
8,08_BSHH_S4_Malicious_Controller_With_RSU,30,108,3,7,2,0,1,7,1,0.666667,0.8,0.763763,0.833333,0,0.3,1,0.461538,0.09617,1,1,0.666667,800
8,08_BSHH_S4_Malicious_Controller_With_RSU,40,108,4,6,2,0,2,6,1,0.5,0.666667,0.612372,0.75,0,0.4,1,0.571429,0.09617,1,1,0.5,800
8,08_BSHH_S4_Malicious_Controller_With_RSU,50,108,5,5,2,0,3,5,1,0.4,0.571429,0.5,0.7,0,0.5,1,0.666667,0.09617,1,1,0.4,800
8,08_BSHH_S4_Malicious_Controller_With_RSU,60,108,6,4,2,0,4,4,1,0.333333,0.5,0.408248,0.666667,0,0.6,1,0.75,0.09617,1,1,0.333333,800
8,08_BSHH_S4_Malicious_Controller_With_RSU,70,108,7,3,2,0,5,3,1,0.285714,0.444444,0.327327,0.642857,0,0.7,1,0.823529,0.09617,1,1,0.285714,800
8,08_BSHH_S4_Malicious_Controller_With_RSU,80,108,8,2,2,0,6,2,1,0.25,0.4,0.25,0.625,0,0.8,1,0.888889,0.09617,1,1,0.25,800
8,08_BSHH_S4_Malicious_Controller_With_RSU,90,108,9,1,2,0,7,1,1,0.222222,0.363636,0.166667,0.611111,0,0.9,1,0.947368,0.09617,1,1,0.222222,800
8,08_BSHH_S4_Malicious_Controller_With_RSU,100,108,10,0,2,0,8,0,1,0.2,0.333333,nan,0.6,0,1,1,1,0.09617,1,1,0.2,800
9,09_ME_S1_Malicious_Vehicles,0,0,0,10,0,0,0,10,0,0,0,nan,0.5,0,0,0,0,0.09617,0,0,0,800
9,09_ME_S1_Malicious_Vehicles,10,109,1,9,0,0,1,9,0,0,0,nan,0.5,0,0.1,1,0.181818,0.09617,0,0,0,800
9,09_ME_S1_Malicious_Vehicles,20,109,2,8,0,0,2,8,0,0,0,nan,0.5,0,0.2,1,0.333333,0.09617,0,0,0,800
9,09_ME_S1_Malicious_Vehicles,30,109,3,7,0,0,3,7,0,0,0,nan,0.5,0,0.3,1,0.461538,0.09617,0,0,0,800
9,09_ME_S1_Malicious_Vehicles,40,109,4,6,0,0,4,6,0,0,0,nan,0.5,0,0.4,1,0.571429,0.09617,0,0,0,800
9,09_ME_S1_Malicious_Vehicles,50,109,5,5,0,0,5,5,0,0,0,nan,0.5,0,0.5,1,0.666667,0.09617,0,0,0,800
9,09_ME_S1_Malicious_Vehicles,60,109,6,4,0,0,6,4,0,0,0,nan,0.5,0,0.6,1,0.75,0.09617,0,0,0,800
9,09_ME_S1_Malicious_Vehicles,70,109,7,3,0,0,7,3,0,0,0,nan,0.5,0,0.7,1,0.823529,0.09617,0,0,0,800
9,09_ME_S1_Malicious_Vehicles,80,109,8,2,0,0,8,2,0,0,0,nan,0.5,0,0.8,1,0.888889,0.09617,0,0,0,800
9,09_ME_S1_Malicious_Vehicles,90,109,9,1,0,0,9,1,0,0,0,nan,0.5,0,0.9,1,0.947368,0.09617,0,0,0,800
9,09_ME_S1_Malicious_Vehicles,100,109,10,0,0,0,10,0,0,0,0,nan,0.5,0,1,1,1,0.09617,0,0,0,800
10,10_ME_S2_Malicious_RSU,0,0,0,10,0,0,0,10,0,0,0,nan,0.5,0,0,0,0,0.09617,0,0,0,800
10,10_ME_S2_Malicious_RSU,10,110,1,9,0,0,1,9,0,0,0,nan,0.5,0,0.1,1,0.181818,0.09617,0,0,0,800
10,10_ME_S2_Malicious_RSU,20,110,2,8,0,0,2,8,0,0,0,nan,0.5,0,0.2,1,0.333333,0.09617,0,0,0,800
10,10_ME_S2_Malicious_RSU,30,110,3,7,0,0,3,7,0,0,0,nan,0.5,0,0.3,1,0.461538,0.09617,0,0,0,800
10,10_ME_S2_Malicious_RSU,40,110,4,6,0,0,4,6,0,0,0,nan,0.5,0,0.4,1,0.571429,0.09617,0,0,0,800
10,10_ME_S2_Malicious_RSU,50,110,5,5,0,0,5,5,0,0,0,nan,0.5,0,0.5,1,0.666667,0.09617,0,0,0,800
10,10_ME_S2_Malicious_RSU,60,110,6,4,0,0,6,4,0,0,0,nan,0.5,0,0.6,1,0.75,0.09617,0,0,0,800
10,10_ME_S2_Malicious_RSU,70,110,7,3,0,0,7,3,0,0,0,nan,0.5,0,0.7,1,0.823529,0.09617,0,0,0,800
10,10_ME_S2_Malicious_RSU,80,110,8,2,0,0,8,2,0,0,0,nan,0.5,0,0.8,1,0.888889,0.09617,0,0,0,800
10,10_ME_S2_Malicious_RSU,90,110,9,1,0,0,9,1,0,0,0,nan,0.5,0,0.9,1,0.947368,0.09617,0,0,0,800
10,10_ME_S2_Malicious_RSU,100,110,10,0,0,0,10,0,0,0,0,nan,0.5,0,1,1,1,0.09617,0,0,0,800
11,11_ME_S3_Malicious_Controller_No_RSU,0,0,0,10,0,0,0,10,0,0,0,nan,0.5,0,0,0,0,0.09617,0,0,0,800
11,11_ME_S3_Malicious_Controller_No_RSU,10,111,1,9,0,0,1,9,0,0,0,nan,0.5,0,0.1,1,0.181818,0.09617,0,0,0,800
11,11_ME_S3_Malicious_Controller_No_RSU,20,111,2,8,0,0,2,8,0,0,0,nan,0.5,0,0.2,1,0.333333,0.09617,0,0,0,800
11,11_ME_S3_Malicious_Controller_No_RSU,30,111,3,7,0,0,3,7,0,0,0,nan,0.5,0,0.3,1,0.461538,0.09617,0,0,0,800
11,11_ME_S3_Malicious_Controller_No_RSU,40,111,4,6,0,0,4,6,0,0,0,nan,0.5,0,0.4,1,0.571429,0.09617,0,0,0,800
11,11_ME_S3_Malicious_Controller_No_RSU,50,111,5,5,0,0,5,5,0,0,0,nan,0.5,0,0.5,1,0.666667,0.09617,0,0,0,800
11,11_ME_S3_Malicious_Controller_No_RSU,60,111,6,4,0,0,6,4,0,0,0,nan,0.5,0,0.6,1,0.75,0.09617,0,0,0,800
11,11_ME_S3_Malicious_Controller_No_RSU,70,111,7,3,0,0,7,3,0,0,0,nan,0.5,0,0.7,1,0.823529,0.09617,0,0,0,800
11,11_ME_S3_Malicious_Controller_No_RSU,80,111,8,2,0,0,8,2,0,0,0,nan,0.5,0,0.8,1,0.888889,0.09617,0,0,0,800
11,11_ME_S3_Malicious_Controller_No_RSU,90,111,9,1,0,0,9,1,0,0,0,nan,0.5,0,0.9,1,0.947368,0.09617,0,0,0,800
11,11_ME_S3_Malicious_Controller_No_RSU,100,111,10,0,0,0,10,0,0,0,0,nan,0.5,0,1,1,1,0.09617,0,0,0,800
12,12_ME_S4_Malicious_Controller_With_RSU,0,0,0,10,0,0,0,10,0,0,0,nan,0.5,0,0,0,0,0.09617,0,0,0,800
12,12_ME_S4_Malicious_Controller_With_RSU,10,112,1,9,0,0,1,9,0,0,0,nan,0.5,0,0.1,1,0.181818,0.09617,0,0,0,800
12,12_ME_S4_Malicious_Controller_With_RSU,20,112,2,8,0,0,2,8,0,0,0,nan,0.5,0,0.2,1,0.333333,0.09617,0,0,0,800
12,12_ME_S4_Malicious_Controller_With_RSU,30,112,3,7,0,0,3,7,0,0,0,nan,0.5,0,0.3,1,0.461538,0.09617,0,0,0,800
12,12_ME_S4_Malicious_Controller_With_RSU,40,112,4,6,0,0,4,6,0,0,0,nan,0.5,0,0.4,1,0.571429,0.09617,0,0,0,800
12,12_ME_S4_Malicious_Controller_With_RSU,50,112,5,5,0,0,5,5,0,0,0,nan,0.5,0,0.5,1,0.666667,0.09617,0,0,0,800
12,12_ME_S4_Malicious_Controller_With_RSU,60,112,6,4,0,0,6,4,0,0,0,nan,0.5,0,0.6,1,0.75,0.09617,0,0,0,800
12,12_ME_S4_Malicious_Controller_With_RSU,70,112,7,3,0,0,7,3,0,0,0,nan,0.5,0,0.7,1,0.823529,0.09617,0,0,0,800
12,12_ME_S4_Malicious_Controller_With_RSU,80,112,8,2,0,0,8,2,0,0,0,nan,0.5,0,0.8,1,0.888889,0.09617,0,0,0,800
12,12_ME_S4_Malicious_Controller_With_RSU,90,112,9,1,0,0,9,1,0,0,0,nan,0.5,0,0.9,1,0.947368,0.09617,0,0,0,800
12,12_ME_S4_Malicious_Controller_With_RSU,100,112,10,0,0,0,10,0,0,0,0,nan,0.5,0,1,1,1,0.09617,0,0,0,800
