rsu_id,interval_ts_ms,vehicle_id,sender_ts_ms,gps_lat,gps_lon,rssi_dbm
RSU_LIVE,24996,7,2000,6.928440,79.869255,-9999.000000
RSU_LIVE,24996,13,2001,6.942055,79.870972,-9999.000000
RSU_LIVE,24996,14,2004,6.929088,79.866531,-9999.000000
RSU_LIVE,24996,5,2005,6.928433,79.869232,-9999.000000
RSU_LIVE,24996,7,5000,6.928440,79.869255,-9999.000000
RSU_LIVE,24996,11,5000,6.930634,79.872009,-9999.000000
RSU_LIVE,24996,10,5000,6.928440,79.869255,-9999.000000
RSU_LIVE,24996,24,5001,6.930616,79.872009,-9999.000000
RSU_LIVE,24996,20,5001,6.941163,79.871292,-9999.000000
RSU_LIVE,24996,13,5002,6.942055,79.870972,-9999.000000
RSU_LIVE,24996,15,5002,6.941164,79.871300,-9999.000000
RSU_LIVE,24996,31,5002,6.942071,79.870964,-9999.000000
RSU_LIVE,24996,7,5003,6.928440,79.869255,-9999.000000
RSU_LIVE,24996,8,5003,6.928438,79.869247,-9999.000000
RSU_LIVE,24996,14,5004,6.929088,79.866531,-9999.000000
RSU_LIVE,24996,18,5004,6.930583,79.872017,-9999.000000
RSU_LIVE,24996,11,5004,6.930634,79.872009,-9999.000000
RSU_LIVE,24996,31,5005,6.942071,79.870964,-9999.000000
RSU_LIVE,24996,30,5005,6.941728,79.870468,-9999.000000
RSU_LIVE,24996,5,5006,6.928433,79.869232,-9999.000000
RSU_LIVE,24996,13,5006,6.942055,79.870972,-9999.000000
RSU_LIVE,24996,16,5006,6.930936,79.874481,-9999.000000
RSU_LIVE,24996,30,5007,6.941728,79.870468,-9999.000000
RSU_LIVE,24996,7,7001,6.928440,79.869255,-9999.000000
RSU_LIVE,24996,22,7003,6.930616,79.872009,-9999.000000
RSU_LIVE,24996,25,7005,6.942082,79.870956,-9999.000000
RSU_LIVE,24996,12,7007,6.941181,79.871346,-9999.000000
RSU_LIVE,24996,24,7008,6.930616,79.872009,-9999.000000
RSU_LIVE,24996,15,10000,6.941164,79.871300,-9999.000000
RSU_LIVE,24996,10,10000,6.928440,79.869255,-9999.000000
RSU_LIVE,24996,22,10000,6.930616,79.872009,-9999.000000
RSU_LIVE,24996,20,10000,6.941163,79.871292,-9999.000000
RSU_LIVE,24996,24,10000,6.930616,79.872009,-9999.000000
RSU_LIVE,24996,17,10000,6.941164,79.871300,-9999.000000
RSU_LIVE,24996,11,10000,6.930634,79.872009,-9999.000000
RSU_LIVE,24996,27,10000,6.930621,79.872009,-9999.000000
RSU_LIVE,24996,8,10000,6.928438,79.869247,-9999.000000
RSU_LIVE,24996,34,10000,6.942067,79.870964,-9999.000000
RSU_LIVE,24996,32,10000,6.929146,79.866508,-9999.000000
RSU_LIVE,24996,13,10000,6.942055,79.870972,-9999.000000
RSU_LIVE,24996,9,10000,6.941158,79.871284,-9999.000000
RSU_LIVE,24996,7,10000,6.928440,79.869255,-9999.000000
RSU_LIVE,24996,29,10000,6.942071,79.870964,-9999.000000
RSU_LIVE,24996,7,10000,6.928440,79.869255,-9999.000000
RSU_LIVE,24996,34,10000,6.942067,79.870964,-9999.000000
RSU_LIVE,24996,8,10000,6.928438,79.869247,-9999.000000
RSU_LIVE,24996,7,10000,6.928440,79.869255,-9999.000000
RSU_LIVE,24996,18,10000,6.930583,79.872017,-9999.000000
RSU_LIVE,24996,27,10000,6.930621,79.872009,-9999.000000
RSU_LIVE,24996,24,10000,6.930616,79.872009,-9999.000000
RSU_LIVE,24996,5,10000,6.928433,79.869232,-9999.000000
RSU_LIVE,24996,8,10000,6.928438,79.869247,-9999.000000
RSU_LIVE,24996,17,10001,6.941164,79.871300,-9999.000000
RSU_LIVE,24996,8,10001,6.928438,79.869247,-9999.000000
RSU_LIVE,24996,24,10001,6.930616,79.872009,-9999.000000
RSU_LIVE,24996,9,10001,6.941158,79.871284,-9999.000000
RSU_LIVE,24996,18,10001,6.930583,79.872017,-9999.000000
RSU_LIVE,24996,12,10001,6.941181,79.871346,-9999.000000
RSU_LIVE,24996,27,10001,6.930621,79.872009,-9999.000000
RSU_LIVE,24996,22,10001,6.930616,79.872009,-9999.000000
RSU_LIVE,24996,13,10001,6.942055,79.870972,-9999.000000
RSU_LIVE,24996,14,10001,6.929088,79.866531,-9999.000000
RSU_LIVE,24996,30,10001,6.941728,79.870468,-9999.000000
RSU_LIVE,24996,15,10001,6.941164,79.871300,-9999.000000
RSU_LIVE,24996,6,10001,6.928454,79.869293,-9999.000000
RSU_LIVE,24996,34,10001,6.942067,79.870964,-9999.000000
RSU_LIVE,24996,17,10001,6.941164,79.871300,-9999.000000
RSU_LIVE,24996,12,10001,6.941181,79.871346,-9999.000000
RSU_LIVE,24996,17,10001,6.941164,79.871300,-9999.000000
RSU_LIVE,24996,7,10001,6.928440,79.869255,-9999.000000
RSU_LIVE,24996,6,10001,6.928454,79.869293,-9999.000000
RSU_LIVE,24996,7,10001,6.928440,79.869255,-9999.000000
RSU_LIVE,24996,10,10001,6.928440,79.869255,-9999.000000
RSU_LIVE,24996,22,10002,6.930616,79.872009,-9999.000000
RSU_LIVE,24996,27,10002,6.930621,79.872009,-9999.000000
RSU_LIVE,24996,24,10002,6.930616,79.872009,-9999.000000
RSU_LIVE,24996,25,10002,6.942082,79.870956,-9999.000000
RSU_LIVE,24996,29,10002,6.942071,79.870964,-9999.000000
RSU_LIVE,24996,15,10002,6.941164,79.871300,-9999.000000
RSU_LIVE,24996,14,10002,6.929088,79.866531,-9999.000000
RSU_LIVE,24996,32,10002,6.929146,79.866508,-9999.000000
RSU_LIVE,24996,6,10003,6.928454,79.869293,-9999.000000
RSU_LIVE,24996,10,10003,6.928440,79.869255,-9999.000000
RSU_LIVE,24996,18,10003,6.930583,79.872017,-9999.000000
RSU_LIVE,24996,13,10003,6.942055,79.870972,-9999.000000
RSU_LIVE,24996,34,10003,6.942067,79.870964,-9999.000000
RSU_LIVE,24996,8,10003,6.928438,79.869247,-9999.000000
RSU_LIVE,24996,34,10003,6.942067,79.870964,-9999.000000
RSU_LIVE,24996,31,10003,6.942071,79.870964,-9999.000000
RSU_LIVE,24996,25,10005,6.942082,79.870956,-9999.000000
RSU_LIVE,24996,12,10007,6.941181,79.871346,-9999.000000
RSU_LIVE,24996,22,10095,6.930616,79.872009,-9999.000000
RSU_LIVE,24996,11,10095,6.930634,79.872009,-9999.000000
